id,unit_id,name,description,tag,probability,a,b,c
1,2,Failure of pumps during dewatering resulting in ex,Failure of pumps during dewatering resulting in ex,tag 1,triangular,-15123,32873,273938
2,2,Each Generator has its own equipment  pumping func,Each Generator has its own equipment  pumping func,tag 2,triangular,-7087,21902,35612
3,2,There is no plant SCADA only monitoring SCADA for ,There is no plant SCADA only monitoring SCADA for ,tag 3,triangular,-3435,30145,32873
4,2,Failure of obsolescent system control equipment eg,Failure of obsolescent system control equipment eg,tag 4,triangular,-7452,10958,16437
5,2,Unavailability of unit due to obsolescence of equi,Unavailability of unit due to obsolescence of equi,tag 5,triangular,-15123,0,2740
6,2,Unavailability of unit due to obsolescence of equi,Unavailability of unit due to obsolescence of equi,tag 6,triangular,-15123,0,10958
7,2,Failure of obsolete control card requiring a procu,Failure of obsolete control card requiring a procu,tag 7,triangular,-15123,2740,5479
8,2,Failure of obsolete breaker requiring a procuremen,Failure of obsolete breaker requiring a procuremen,tag 8,triangular,-15123,5479,16437
9,2,Failure of thyristors and fuses would require to b,Failure of thyristors and fuses would require to b,tag 9,triangular,-15123,5479,16437
10,2,Failure of relay to adequately protect Generator d,Failure of relay to adequately protect Generator d,tag 10,triangular,-5991,10369,13697
11,2,Failure of obsolete relay leading to requirement f,Failure of obsolete relay leading to requirement f,tag 11,triangular,-5991,10369,13697
12,2,Failure of relay to adequately protect Generator d,Failure of relay to adequately protect Generator d,tag 12,triangular,-5991,10369,13697
13,2,Failure of obsolete relay leading to requirement f,Failure of obsolete relay leading to requirement f,tag 13,triangular,-5991,10369,13697
14,2,Uncontrolled application of brake pads during oper,Uncontrolled application of brake pads during oper,tag 14,triangular,-15123,166104,219424
15,2,Failure of brakes and jacking limit switches resul,Failure of brakes and jacking limit switches resul,tag 15,triangular,-3069,52049,54788
16,2,Failure of heat exchanger tubing requiring removal,Failure of heat exchanger tubing requiring removal,tag 16,triangular,-3069,52049,54788
17,2,Failure of at least 2 fans requiring replacement,Failure of at least 2 fans requiring replacement,tag 17,triangular,-15123,6164,8219
18,2,Old and obsolete  needs to be replaced. Not all se,Old and obsolete  needs to be replaced. Not all se,tag 18,triangular,-15123,104141,120533
19,2,Failure of speed sensing device resulting in inabi,Failure of speed sensing device resulting in inabi,tag 19,triangular,-7452,159733,191757
20,2,Complete de-lamination of white metal leading to f,Complete de-lamination of white metal leading to f,tag 20,triangular,-1608,123272,164363
21,2,Failure of all temperature instruments resulting i,Failure of all temperature instruments resulting i,tag 21,triangular,-5261,13700,45212
22,2,Loosening of windings leading to rotor earth fault,Loosening of windings leading to rotor earth fault,tag 22,triangular,-12566,28490,43830
23,2,Failure of flexible pole connections resulting in ,Failure of flexible pole connections resulting in ,tag 23,triangular,-12566,28490,43830
24,2,Cracks developing in the rotor pole end plates and,Cracks developing in the rotor pole end plates and,tag 24,triangular,-15123,8761,16437
25,2,Failure of rim yoke resulting in pole movement and,Failure of rim yoke resulting in pole movement and,tag 25,triangular,-15123,20273,23011
26,2,Failure of rim yoke resulting in unscheduled outag,Failure of rim yoke resulting in unscheduled outag,tag 26,triangular,-15123,20273,23011
27,2,Failure of brushgear that could result in a flasho,Failure of brushgear that could result in a flasho,tag 27,triangular,-15123,52071,98618
28,2,Failure of frame through cracking leading to loss ,Failure of frame through cracking leading to loss ,tag 28,triangular,-15123,273938,273938
29,2,Failure of the core/lamination stacks leading to o,Failure of the core/lamination stacks leading to o,tag 29,triangular,-15123,11510,14245
30,2,Failure of the core/lamination stacks leading to o,Failure of the core/lamination stacks leading to o,tag 30,triangular,-15123,11510,14245
31,2,Failure of the core/lamination stacks leading to i,Failure of the core/lamination stacks leading to i,tag 31,triangular,-15123,11510,14245
32,2,Failure of remaining RTDs that are presently funct,Failure of remaining RTDs that are presently funct,tag 32,triangular,-15123,12054,13697
33,2,Failure of windings resulting in a repairable phas,Failure of windings resulting in a repairable phas,tag 33,triangular,-15123,12054,13697
34,2,Failure of windings resulting in a failure of core,Failure of windings resulting in a failure of core,tag 34,triangular,-15123,12054,13697
35,2,Failure of all temperature transmitters leading to,Failure of all temperature transmitters leading to,tag 35,triangular,-15123,10958,10958
36,2,Failure of remaining RTDs that are presently funct,Failure of remaining RTDs that are presently funct,tag 36,triangular,-15123,12054,13697
37,2,Increased vibration due to dislodging of thrust bl,Increased vibration due to dislodging of thrust bl,tag 37,triangular,-15123,273938,273938
38,2,Complete de-lamination of white metal leading to f,Complete de-lamination of white metal leading to f,tag 38,triangular,-1608,39447,54788
39,2,Failure of all temperature instruments resulting i,Failure of all temperature instruments resulting i,tag 39,triangular,-15123,21368,28490
40,2,Failure of hydraulic system leading to inability t,Failure of hydraulic system leading to inability t,tag 40,triangular,-15123,273938,273938
41,2,Failure of sliding and link arm bushes resulting i,Failure of sliding and link arm bushes resulting i,tag 41,triangular,-15123,273938,273938
42,2,Failure of servo motors (seals  valves) leading to,Failure of servo motors (seals  valves) leading to,tag 42,triangular,-15123,186196,191757
43,2,Failure of bypass penstock side isolating valve in,Failure of bypass penstock side isolating valve in,tag 43,triangular,-8913,123272,164363
44,2,Failure of bypass penstock side isolating valve in,Failure of bypass penstock side isolating valve in,tag 44,triangular,-8913,175320,219150
45,2,Failure of hydraulic system leading to inability t,Failure of hydraulic system leading to inability t,tag 45,triangular,-8913,30818,41091
46,2,Failure of maintenance seal requiring unscheduled ,Failure of maintenance seal requiring unscheduled ,tag 46,triangular,-8913,47255,63006
47,2,Failure of service seal causing poor seal with una,Failure of service seal causing poor seal with una,tag 47,triangular,-8913,36982,49309
48,2,Failure of instrumentation resulting in unplanned ,Failure of instrumentation resulting in unplanned ,tag 48,triangular,-4896,14177,18902
49,2,Failure of servo motors (seals  valves) leading to,Failure of servo motors (seals  valves) leading to,tag 49,triangular,-5261,14177,18902
50,2,Seizure of trunnions resulting in valve not being ,Seizure of trunnions resulting in valve not being ,tag 50,triangular,-8913,47255,63006
51,2,Failure of seals leading to excessive leakage and ,Failure of seals leading to excessive leakage and ,tag 51,triangular,-4896,14177,18902
52,2,Failure of instrumentation resulting in unplanned ,Failure of instrumentation resulting in unplanned ,tag 52,triangular,-8913,8219,10958
53,2,Failure of rotork vales resulting in inability to ,Failure of rotork vales resulting in inability to ,tag 53,triangular,-2339,9862,13149
54,2,Failure of fans requiring replacement,Failure of fans requiring replacement,tag 54,triangular,-15123,6164,8219
55,2,Complete de-lamination of white metal leading to f,Complete de-lamination of white metal leading to f,tag 55,triangular,-1608,90400,120533
56,2,Failure of instrumentation resulting in unplanned ,Failure of instrumentation resulting in unplanned ,tag 56,triangular,-8913,15820,21094
57,2,Failure of mechanism or coating requiring speciali,Failure of mechanism or coating requiring speciali,tag 57,triangular,-15123,18697,24929
58,2,Failure of obsolete relay leading to requirement f,Failure of obsolete relay leading to requirement f,tag 58,triangular,-5991,10273,13697
59,2,Failure of relay to adequately protect Pony Motor ,Failure of relay to adequately protect Pony Motor ,tag 59,triangular,-5991,58760,78347
60,2,Rotor winding insulation failure leading to unsche,Rotor winding insulation failure leading to unsche,tag 60,triangular,-15123,96563,128751
61,2,Failure of brushgear that could result in a flasho,Failure of brushgear that could result in a flasho,tag 61,triangular,-15123,96563,128751
62,2,Failure of frame through cracking leading to loss ,Failure of frame through cracking leading to loss ,tag 62,triangular,-15123,234217,312289
63,2,Failure of the core/lamination stacks leading to o,Failure of the core/lamination stacks leading to o,tag 63,triangular,-15123,234217,312289
64,2,Failure of the core/lamination stacks leading to o,Failure of the core/lamination stacks leading to o,tag 64,triangular,-15123,234217,312289
65,2,Failure of windings resulting in a repairable phas,Failure of windings resulting in a repairable phas,tag 65,triangular,-15123,234217,312289
66,2,Failure of windings resulting in a failure of core,Failure of windings resulting in a failure of core,tag 66,triangular,-15123,234217,312289
67,2,Failure of all temperature sensors leading to incr,Failure of all temperature sensors leading to incr,tag 67,triangular,-8913,6164,8219
68,2,Failure of remaining RTDs that are presently funct,Failure of remaining RTDs that are presently funct,tag 68,triangular,-15123,23011,30681
69,2,Failure of Compressor resulting in increased start,Failure of Compressor resulting in increased start,tag 69,triangular,-7087,147927,197235
70,2,The stabilising air is not critical to the working,The stabilising air is not critical to the working,tag 70,triangular,-7087,8219,10958
71,2,Failure of Compressor resulting in increased start,Failure of Compressor resulting in increased start,tag 71,triangular,-15123,63691,84921
72,2,The stabilising air is not critical to the working,The stabilising air is not critical to the working,tag 72,triangular,-7087,8219,10958
73,2,Failure of any cables/terminations could result in,Failure of any cables/terminations could result in,tag 73,triangular,-15123,39858,53144
74,2,Failure of switchgear resulting in unavailability ,Failure of switchgear resulting in unavailability ,tag 74,triangular,-15123,18491,24655
75,2,Failure of fused isolator can result in auxiliary ,Failure of fused isolator can result in auxiliary ,tag 75,triangular,-15123,39858,53144
76,2,Failure of protection relays could result in suppl,Failure of protection relays could result in suppl,tag 76,triangular,-15123,11095,14793
77,2,Failure of switchgear resulting in system failure ,Failure of switchgear resulting in system failure ,tag 77,triangular,-15123,11095,14793
78,2,Failure of breakers could result in supply & redun,Failure of breakers could result in supply & redun,tag 78,triangular,-15123,11095,14793
79,2,Failure of protection relays could result in suppl,Failure of protection relays could result in suppl,tag 79,triangular,-15123,11095,14793
80,2,Failure of switchgear resulting in unavailability ,Failure of switchgear resulting in unavailability ,tag 80,triangular,-15123,18491,24655
81,2,Failure of obsolete relay leading to requirement f,Failure of obsolete relay leading to requirement f,tag 81,triangular,-15123,11095,14793
82,2,Failure of obsolete relays incorporated in the con,Failure of obsolete relays incorporated in the con,tag 82,triangular,-15123,11095,14793
83,2,Failure of transformer requiring replacement,Failure of transformer requiring replacement,tag 83,triangular,-3435,82182,109575
84,2,Failure of relay to adequately protect transformer,Failure of relay to adequately protect transformer,tag 84,triangular,-5991,58760,78347
85,2,Failure of obsolete relay leading to requirement f,Failure of obsolete relay leading to requirement f,tag 85,triangular,-5991,58760,78347
86,2,Failure of transformer requiring replacement,Failure of transformer requiring replacement,tag 86,triangular,-15123,63691,84921
87,2,Failure of cooling water piping leading to bearing,Failure of cooling water piping leading to bearing,tag 87,triangular,-15123,63691,84921
88,2,Cracking of welds or draft tube sections requiring,Cracking of welds or draft tube sections requiring,tag 88,triangular,-15123,63691,84921
89,2,Pick up of guide vanes leading to top and/or botto,Pick up of guide vanes leading to top and/or botto,tag 89,triangular,-15123,63691,84921
90,2,Failure of bushes resulting in high vibration requ,Failure of bushes resulting in high vibration requ,tag 90,triangular,-5261,10273,13697
91,2,Failure of white metal surface requiring unschedul,Failure of white metal surface requiring unschedul,tag 91,triangular,-1608,90400,120533
92,2,Cavitation damage resulting in unscheduled/extende,Cavitation damage resulting in unscheduled/extende,tag 92,triangular,-15123,63691,84921
93,2,Pitting and/or cavitation of runner resulting inir,Pitting and/or cavitation of runner resulting inir,tag 93,triangular,-15123,63691,84921
94,2,Failure of cooling water piping requiring unschedu,Failure of cooling water piping requiring unschedu,tag 94,triangular,-15123,18491,24655
95,2,Failure of cooling water during pump start or SCO ,Failure of cooling water during pump start or SCO ,tag 95,triangular,-15123,18491,24655
96,2,Cracking of welds or spiral sections requiring out,Cracking of welds or spiral sections requiring out,tag 96,triangular,-15123,18491,24655
97,2,Corrosion damage leading to unscheduled/extended s,Corrosion damage leading to unscheduled/extended s,tag 97,triangular,-15123,18491,24655
98,2,Cracking of welds or stay vanes requiring unschedu,Cracking of welds or stay vanes requiring unschedu,tag 98,triangular,-15123,246544,328725
99,2,Catastrophic shaft failure,Catastrophic shaft failure,tag 99,triangular,-15123,821813,1095750
100,2,Failure or blockage of heat exchanger tubing requi,Failure or blockage of heat exchanger tubing requi,tag 100,triangular,-4165,34928,46570
101,2,Failure of drive systems on gates in closed positi,Failure of drive systems on gates in closed positi,tag 101,triangular,-15123,102727,136969
102,2,HP Oil pump failure resulting in thrust bearing pa,HP Oil pump failure resulting in thrust bearing pa,tag 102,triangular,-15123,63691,84921
103,2,Failure of the oil cooling pipework and/or heat ex,Failure of the oil cooling pipework and/or heat ex,tag 103,triangular,-2704,31229,41639
104,2,Failure of the oil cooling pipework and/or heat ex,Failure of the oil cooling pipework and/or heat ex,tag 104,triangular,-2339,20957,27942
105,2,Failure of all temperature instruments resulting i,Failure of all temperature instruments resulting i,tag 105,triangular,-15123,63691,84921
106,2,Failure of internal oil cooler pipework resulting ,Failure of internal oil cooler pipework resulting ,tag 106,triangular,-1608,20135,26846
107,2,Failure of vapour extraction system allowing oil m,Failure of vapour extraction system allowing oil m,tag 107,triangular,-5261,38215,50953
108,2,Failure of vapour extraction system allowing oil m,Failure of vapour extraction system allowing oil m,tag 108,triangular,-5261,14341,19121
109,2,Complete de-lamination of white metal leading to f,Complete de-lamination of white metal leading to f,tag 109,triangular,-15123,242435,323247
110,2,Failure of the sealing air system causing oil leak,Failure of the sealing air system causing oil leak,tag 110,triangular,-15123,63691,84921
111,2,Failure of the sealing air system causing oil leak,Failure of the sealing air system causing oil leak,tag 111,triangular,-15123,63691,84921
112,3,Failure of pumps during dewatering resulting in ex,Failure of pumps during dewatering resulting in ex,tag 112,triangular,-15123,32873,273938
113,3,Each Generator has its own equipment  pumping func,Each Generator has its own equipment  pumping func,tag 113,triangular,-7087,21902,35612
114,3,There is no plant SCADA only monitoring SCADA for ,There is no plant SCADA only monitoring SCADA for ,tag 114,triangular,-3435,30145,32873
115,3,Failure of obsolescent system control equipment eg,Failure of obsolescent system control equipment eg,tag 115,triangular,-7452,10958,16437
116,3,Unavailability of unit due to obsolescence of equi,Unavailability of unit due to obsolescence of equi,tag 116,triangular,-15123,0,2740
117,3,Unavailability of unit due to obsolescence of equi,Unavailability of unit due to obsolescence of equi,tag 117,triangular,-15123,0,10958
118,3,Failure of obsolete control card requiring a procu,Failure of obsolete control card requiring a procu,tag 118,triangular,-15123,2740,5479
119,3,Failure of obsolete breaker requiring a procuremen,Failure of obsolete breaker requiring a procuremen,tag 119,triangular,-15123,5479,16437
120,3,Failure of thyristors and fuses would require to b,Failure of thyristors and fuses would require to b,tag 120,triangular,-15123,5479,16437
121,3,Failure of relay to adequately protect Generator d,Failure of relay to adequately protect Generator d,tag 121,triangular,-5991,10369,13697
122,3,Failure of obsolete relay leading to requirement f,Failure of obsolete relay leading to requirement f,tag 122,triangular,-5991,10369,13697
123,3,Failure of relay to adequately protect Generator d,Failure of relay to adequately protect Generator d,tag 123,triangular,-5991,10369,13697
124,3,Failure of obsolete relay leading to requirement f,Failure of obsolete relay leading to requirement f,tag 124,triangular,-5991,10369,13697
125,2,Failure of the core/lamination stacks leading to i,Failure of the core/lamination stacks leading to i,tag 125,triangular,-15123,234217,312289
126,3,Uncontrolled application of brake pads during oper,Uncontrolled application of brake pads during oper,tag 126,triangular,-15123,166104,219424
127,3,Failure of brakes and jacking limit switches resul,Failure of brakes and jacking limit switches resul,tag 127,triangular,-3069,52049,54788
128,3,Failure of heat exchanger tubing requiring removal,Failure of heat exchanger tubing requiring removal,tag 128,triangular,-3069,52049,54788
129,3,Failure of at least 2 fans requiring replacement,Failure of at least 2 fans requiring replacement,tag 129,triangular,-15123,6164,8219
130,3,Old and obsolete  needs to be replaced. Not all se,Old and obsolete  needs to be replaced. Not all se,tag 130,triangular,-15123,104141,120533
131,3,Failure of speed sensing device resulting in inabi,Failure of speed sensing device resulting in inabi,tag 131,triangular,-7452,159733,191757
132,3,Complete de-lamination of white metal leading to f,Complete de-lamination of white metal leading to f,tag 132,triangular,-1608,123272,164363
133,3,Failure of all temperature instruments resulting i,Failure of all temperature instruments resulting i,tag 133,triangular,-5261,13700,45212
134,3,Loosening of windings leading to rotor earth fault,Loosening of windings leading to rotor earth fault,tag 134,triangular,-12566,28490,43830
135,3,Failure of flexible pole connections resulting in ,Failure of flexible pole connections resulting in ,tag 135,triangular,-12566,28490,43830
136,3,Cracks developing in the rotor pole end plates and,Cracks developing in the rotor pole end plates and,tag 136,triangular,-15123,8761,16437
137,3,Failure of rim yoke resulting in pole movement and,Failure of rim yoke resulting in pole movement and,tag 137,triangular,-15123,20273,23011
138,3,Failure of rim yoke resulting in unscheduled outag,Failure of rim yoke resulting in unscheduled outag,tag 138,triangular,-15123,20273,23011
139,3,Failure of brushgear that could result in a flasho,Failure of brushgear that could result in a flasho,tag 139,triangular,-15123,52071,98618
140,3,Failure of frame through cracking leading to loss ,Failure of frame through cracking leading to loss ,tag 140,triangular,-15123,273938,273938
141,3,Failure of the core/lamination stacks leading to o,Failure of the core/lamination stacks leading to o,tag 141,triangular,-15123,11510,14245
142,3,Failure of the core/lamination stacks leading to o,Failure of the core/lamination stacks leading to o,tag 142,triangular,-15123,11510,14245
143,3,Failure of the core/lamination stacks leading to i,Failure of the core/lamination stacks leading to i,tag 143,triangular,-15123,11510,14245
144,3,Failure of remaining RTDs that are presently funct,Failure of remaining RTDs that are presently funct,tag 144,triangular,-15123,12054,13697
145,3,Failure of windings resulting in a repairable phas,Failure of windings resulting in a repairable phas,tag 145,triangular,-15123,12054,13697
146,3,Failure of windings resulting in a failure of core,Failure of windings resulting in a failure of core,tag 146,triangular,-15123,12054,13697
147,3,Failure of all temperature transmitters leading to,Failure of all temperature transmitters leading to,tag 147,triangular,-15123,10958,10958
148,3,Failure of remaining RTDs that are presently funct,Failure of remaining RTDs that are presently funct,tag 148,triangular,-15123,12054,13697
149,3,Increased vibration due to dislodging of thrust bl,Increased vibration due to dislodging of thrust bl,tag 149,triangular,-15123,273938,273938
150,3,Complete de-lamination of white metal leading to f,Complete de-lamination of white metal leading to f,tag 150,triangular,-1608,39447,54788
151,3,Failure of all temperature instruments resulting i,Failure of all temperature instruments resulting i,tag 151,triangular,-15123,21368,28490
152,3,Failure of hydraulic system leading to inability t,Failure of hydraulic system leading to inability t,tag 152,triangular,-15123,273938,273938
153,3,Failure of sliding and link arm bushes resulting i,Failure of sliding and link arm bushes resulting i,tag 153,triangular,-15123,273938,273938
154,3,Failure of servo motors (seals  valves) leading to,Failure of servo motors (seals  valves) leading to,tag 154,triangular,-15123,186196,191757
155,3,Failure of bypass penstock side isolating valve in,Failure of bypass penstock side isolating valve in,tag 155,triangular,-8913,123272,164363
156,3,Failure of bypass penstock side isolating valve in,Failure of bypass penstock side isolating valve in,tag 156,triangular,-8913,175320,219150
157,3,Failure of hydraulic system leading to inability t,Failure of hydraulic system leading to inability t,tag 157,triangular,-8913,30818,41091
158,3,Failure of maintenance seal requiring unscheduled ,Failure of maintenance seal requiring unscheduled ,tag 158,triangular,-8913,47255,63006
159,3,Failure of service seal causing poor seal with una,Failure of service seal causing poor seal with una,tag 159,triangular,-8913,36982,49309
160,3,Failure of instrumentation resulting in unplanned ,Failure of instrumentation resulting in unplanned ,tag 160,triangular,-4896,14177,18902
161,3,Failure of servo motors (seals  valves) leading to,Failure of servo motors (seals  valves) leading to,tag 161,triangular,-5261,14177,18902
162,3,Seizure of trunnions resulting in valve not being ,Seizure of trunnions resulting in valve not being ,tag 162,triangular,-8913,47255,63006
163,3,Failure of seals leading to excessive leakage and ,Failure of seals leading to excessive leakage and ,tag 163,triangular,-4896,14177,18902
164,3,Failure of instrumentation resulting in unplanned ,Failure of instrumentation resulting in unplanned ,tag 164,triangular,-8913,8219,10958
165,3,Failure of rotork vales resulting in inability to ,Failure of rotork vales resulting in inability to ,tag 165,triangular,-2339,9862,13149
166,3,Failure of fans requiring replacement,Failure of fans requiring replacement,tag 166,triangular,-15123,6164,8219
167,3,Complete de-lamination of white metal leading to f,Complete de-lamination of white metal leading to f,tag 167,triangular,-1608,90400,120533
168,3,Failure of instrumentation resulting in unplanned ,Failure of instrumentation resulting in unplanned ,tag 168,triangular,-8913,15820,21094
169,3,Failure of mechanism or coating requiring speciali,Failure of mechanism or coating requiring speciali,tag 169,triangular,-15123,18697,24929
170,3,Failure of obsolete relay leading to requirement f,Failure of obsolete relay leading to requirement f,tag 170,triangular,-5991,10273,13697
171,3,Failure of relay to adequately protect Pony Motor ,Failure of relay to adequately protect Pony Motor ,tag 171,triangular,-5991,58760,78347
172,3,Rotor winding insulation failure leading to unsche,Rotor winding insulation failure leading to unsche,tag 172,triangular,-15123,96563,128751
173,3,Failure of brushgear that could result in a flasho,Failure of brushgear that could result in a flasho,tag 173,triangular,-15123,96563,128751
174,3,Failure of frame through cracking leading to loss ,Failure of frame through cracking leading to loss ,tag 174,triangular,-15123,234217,312289
175,3,Failure of the core/lamination stacks leading to o,Failure of the core/lamination stacks leading to o,tag 175,triangular,-15123,234217,312289
176,3,Failure of the core/lamination stacks leading to o,Failure of the core/lamination stacks leading to o,tag 176,triangular,-15123,234217,312289
177,3,Failure of the core/lamination stacks leading to i,Failure of the core/lamination stacks leading to i,tag 177,triangular,-15123,234217,312289
178,3,Failure of windings resulting in a repairable phas,Failure of windings resulting in a repairable phas,tag 178,triangular,-15123,234217,312289
179,3,Failure of windings resulting in a failure of core,Failure of windings resulting in a failure of core,tag 179,triangular,-15123,234217,312289
180,3,Failure of all temperature sensors leading to incr,Failure of all temperature sensors leading to incr,tag 180,triangular,-8913,6164,8219
181,3,Failure of remaining RTDs that are presently funct,Failure of remaining RTDs that are presently funct,tag 181,triangular,-15123,23011,30681
182,3,Failure of Compressor resulting in increased start,Failure of Compressor resulting in increased start,tag 182,triangular,-7087,147927,197235
183,3,The stabilising air is not critical to the working,The stabilising air is not critical to the working,tag 183,triangular,-7087,8219,10958
184,3,Failure of Compressor resulting in increased start,Failure of Compressor resulting in increased start,tag 184,triangular,-15123,63691,84921
185,3,The stabilising air is not critical to the working,The stabilising air is not critical to the working,tag 185,triangular,-7087,8219,10958
186,3,Failure of any cables/terminations could result in,Failure of any cables/terminations could result in,tag 186,triangular,-15123,39858,53144
187,3,Failure of switchgear resulting in unavailability ,Failure of switchgear resulting in unavailability ,tag 187,triangular,-15123,18491,24655
188,3,Failure of fused isolator can result in auxiliary ,Failure of fused isolator can result in auxiliary ,tag 188,triangular,-15123,39858,53144
189,3,Failure of protection relays could result in suppl,Failure of protection relays could result in suppl,tag 189,triangular,-15123,11095,14793
190,3,Failure of switchgear resulting in system failure ,Failure of switchgear resulting in system failure ,tag 190,triangular,-15123,11095,14793
191,3,Failure of breakers could result in supply & redun,Failure of breakers could result in supply & redun,tag 191,triangular,-15123,11095,14793
192,3,Failure of protection relays could result in suppl,Failure of protection relays could result in suppl,tag 192,triangular,-15123,11095,14793
193,3,Failure of switchgear resulting in unavailability ,Failure of switchgear resulting in unavailability ,tag 193,triangular,-15123,18491,24655
194,3,Failure of obsolete relay leading to requirement f,Failure of obsolete relay leading to requirement f,tag 194,triangular,-15123,11095,14793
195,3,Failure of obsolete relays incorporated in the con,Failure of obsolete relays incorporated in the con,tag 195,triangular,-15123,11095,14793
196,3,Failure of transformer requiring replacement,Failure of transformer requiring replacement,tag 196,triangular,-3435,82182,109575
197,3,Failure of relay to adequately protect transformer,Failure of relay to adequately protect transformer,tag 197,triangular,-5991,58760,78347
198,3,Failure of obsolete relay leading to requirement f,Failure of obsolete relay leading to requirement f,tag 198,triangular,-5991,58760,78347
199,3,Failure of transformer requiring replacement,Failure of transformer requiring replacement,tag 199,triangular,-15123,63691,84921
200,3,Failure of cooling water piping leading to bearing,Failure of cooling water piping leading to bearing,tag 200,triangular,-15123,63691,84921
201,3,Cracking of welds or draft tube sections requiring,Cracking of welds or draft tube sections requiring,tag 201,triangular,-15123,63691,84921
202,3,Pick up of guide vanes leading to top and/or botto,Pick up of guide vanes leading to top and/or botto,tag 202,triangular,-15123,63691,84921
203,3,Failure of bushes resulting in high vibration requ,Failure of bushes resulting in high vibration requ,tag 203,triangular,-5261,10273,13697
204,3,Failure of white metal surface requiring unschedul,Failure of white metal surface requiring unschedul,tag 204,triangular,-1608,90400,120533
205,3,Cavitation damage resulting in unscheduled/extende,Cavitation damage resulting in unscheduled/extende,tag 205,triangular,-15123,63691,84921
206,3,Pitting and/or cavitation of runner resulting inir,Pitting and/or cavitation of runner resulting inir,tag 206,triangular,-15123,63691,84921
207,3,Failure of cooling water piping requiring unschedu,Failure of cooling water piping requiring unschedu,tag 207,triangular,-15123,18491,24655
208,3,Failure of cooling water during pump start or SCO ,Failure of cooling water during pump start or SCO ,tag 208,triangular,-15123,18491,24655
209,3,Cracking of welds or spiral sections requiring out,Cracking of welds or spiral sections requiring out,tag 209,triangular,-15123,18491,24655
210,3,Corrosion damage leading to unscheduled/extended s,Corrosion damage leading to unscheduled/extended s,tag 210,triangular,-15123,18491,24655
211,3,Cracking of welds or stay vanes requiring unschedu,Cracking of welds or stay vanes requiring unschedu,tag 211,triangular,-15123,246544,328725
212,3,Catastrophic shaft failure,Catastrophic shaft failure,tag 212,triangular,-15123,821813,1095750
213,3,Failure or blockage of heat exchanger tubing requi,Failure or blockage of heat exchanger tubing requi,tag 213,triangular,-4165,34928,46570
214,3,Failure of drive systems on gates in closed positi,Failure of drive systems on gates in closed positi,tag 214,triangular,-15123,102727,136969
215,3,HP Oil pump failure resulting in thrust bearing pa,HP Oil pump failure resulting in thrust bearing pa,tag 215,triangular,-15123,63691,84921
216,3,Failure of the oil cooling pipework and/or heat ex,Failure of the oil cooling pipework and/or heat ex,tag 216,triangular,-2704,31229,41639
217,3,Failure of the oil cooling pipework and/or heat ex,Failure of the oil cooling pipework and/or heat ex,tag 217,triangular,-2339,20957,27942
218,3,Failure of all temperature instruments resulting i,Failure of all temperature instruments resulting i,tag 218,triangular,-15123,63691,84921
219,3,Failure of internal oil cooler pipework resulting ,Failure of internal oil cooler pipework resulting ,tag 219,triangular,-1608,20135,26846
220,3,Failure of vapour extraction system allowing oil m,Failure of vapour extraction system allowing oil m,tag 220,triangular,-5261,38215,50953
221,3,Failure of vapour extraction system allowing oil m,Failure of vapour extraction system allowing oil m,tag 221,triangular,-5261,14341,19121
222,3,Complete de-lamination of white metal leading to f,Complete de-lamination of white metal leading to f,tag 222,triangular,-15123,242435,323247
223,3,Failure of the sealing air system causing oil leak,Failure of the sealing air system causing oil leak,tag 223,triangular,-15123,63691,84921
224,3,Failure of the sealing air system causing oil leak,Failure of the sealing air system causing oil leak,tag 224,triangular,-15123,63691,84921
225,4,Failure of pumps during dewatering resulting in ex,Failure of pumps during dewatering resulting in ex,tag 225,triangular,-15123,32873,273938
226,4,Each Generator has its own equipment  pumping func,Each Generator has its own equipment  pumping func,tag 226,triangular,-7087,21902,35612
227,4,There is no plant SCADA only monitoring SCADA for ,There is no plant SCADA only monitoring SCADA for ,tag 227,triangular,-3435,30145,32873
228,4,Failure of obsolescent system control equipment eg,Failure of obsolescent system control equipment eg,tag 228,triangular,-7452,10958,16437
229,4,Unavailability of unit due to obsolescence of equi,Unavailability of unit due to obsolescence of equi,tag 229,triangular,-15123,0,2740
230,4,Unavailability of unit due to obsolescence of equi,Unavailability of unit due to obsolescence of equi,tag 230,triangular,-15123,0,10958
231,4,Failure of obsolete control card requiring a procu,Failure of obsolete control card requiring a procu,tag 231,triangular,-15123,2740,5479
232,4,Failure of obsolete breaker requiring a procuremen,Failure of obsolete breaker requiring a procuremen,tag 232,triangular,-15123,5479,16437
233,4,Failure of thyristors and fuses would require to b,Failure of thyristors and fuses would require to b,tag 233,triangular,-15123,5479,16437
234,4,Failure of relay to adequately protect Generator d,Failure of relay to adequately protect Generator d,tag 234,triangular,-5991,10369,13697
235,4,Failure of obsolete relay leading to requirement f,Failure of obsolete relay leading to requirement f,tag 235,triangular,-5991,10369,13697
236,4,Failure of relay to adequately protect Generator d,Failure of relay to adequately protect Generator d,tag 236,triangular,-5991,10369,13697
237,4,Failure of obsolete relay leading to requirement f,Failure of obsolete relay leading to requirement f,tag 237,triangular,-5991,10369,13697
238,4,Uncontrolled application of brake pads during oper,Uncontrolled application of brake pads during oper,tag 238,triangular,-15123,166104,219424
239,4,Failure of brakes and jacking limit switches resul,Failure of brakes and jacking limit switches resul,tag 239,triangular,-3069,52049,54788
240,4,Failure of heat exchanger tubing requiring removal,Failure of heat exchanger tubing requiring removal,tag 240,triangular,-3069,52049,54788
241,4,Failure of at least 2 fans requiring replacement,Failure of at least 2 fans requiring replacement,tag 241,triangular,-15123,6164,8219
242,4,Old and obsolete  needs to be replaced. Not all se,Old and obsolete  needs to be replaced. Not all se,tag 242,triangular,-15123,104141,120533
243,4,Failure of speed sensing device resulting in inabi,Failure of speed sensing device resulting in inabi,tag 243,triangular,-7452,159733,191757
244,4,Complete de-lamination of white metal leading to f,Complete de-lamination of white metal leading to f,tag 244,triangular,-1608,123272,164363
245,4,Failure of all temperature instruments resulting i,Failure of all temperature instruments resulting i,tag 245,triangular,-5261,13700,45212
246,4,Loosening of windings leading to rotor earth fault,Loosening of windings leading to rotor earth fault,tag 246,triangular,-12566,28490,43830
247,4,Failure of flexible pole connections resulting in ,Failure of flexible pole connections resulting in ,tag 247,triangular,-12566,28490,43830
248,4,Cracks developing in the rotor pole end plates and,Cracks developing in the rotor pole end plates and,tag 248,triangular,-15123,8761,16437
249,4,Failure of rim yoke resulting in pole movement and,Failure of rim yoke resulting in pole movement and,tag 249,triangular,-15123,20273,23011
250,4,Failure of rim yoke resulting in unscheduled outag,Failure of rim yoke resulting in unscheduled outag,tag 250,triangular,-15123,20273,23011
251,4,Failure of brushgear that could result in a flasho,Failure of brushgear that could result in a flasho,tag 251,triangular,-15123,52071,98618
252,4,Failure of frame through cracking leading to loss ,Failure of frame through cracking leading to loss ,tag 252,triangular,-15123,273938,273938
253,4,Failure of the core/lamination stacks leading to o,Failure of the core/lamination stacks leading to o,tag 253,triangular,-15123,11510,14245
254,4,Failure of the core/lamination stacks leading to o,Failure of the core/lamination stacks leading to o,tag 254,triangular,-15123,11510,14245
255,4,Failure of the core/lamination stacks leading to i,Failure of the core/lamination stacks leading to i,tag 255,triangular,-15123,11510,14245
256,4,Failure of remaining RTDs that are presently funct,Failure of remaining RTDs that are presently funct,tag 256,triangular,-15123,12054,13697
257,4,Failure of windings resulting in a repairable phas,Failure of windings resulting in a repairable phas,tag 257,triangular,-15123,12054,13697
258,4,Failure of windings resulting in a failure of core,Failure of windings resulting in a failure of core,tag 258,triangular,-15123,12054,13697
259,4,Failure of all temperature transmitters leading to,Failure of all temperature transmitters leading to,tag 259,triangular,-15123,10958,10958
260,4,Failure of remaining RTDs that are presently funct,Failure of remaining RTDs that are presently funct,tag 260,triangular,-15123,12054,13697
261,4,Increased vibration due to dislodging of thrust bl,Increased vibration due to dislodging of thrust bl,tag 261,triangular,-15123,273938,273938
262,4,Complete de-lamination of white metal leading to f,Complete de-lamination of white metal leading to f,tag 262,triangular,-1608,39447,54788
263,4,Failure of all temperature instruments resulting i,Failure of all temperature instruments resulting i,tag 263,triangular,-15123,21368,28490
264,4,Failure of hydraulic system leading to inability t,Failure of hydraulic system leading to inability t,tag 264,triangular,-15123,273938,273938
265,4,Failure of sliding and link arm bushes resulting i,Failure of sliding and link arm bushes resulting i,tag 265,triangular,-15123,273938,273938
266,4,Failure of servo motors (seals  valves) leading to,Failure of servo motors (seals  valves) leading to,tag 266,triangular,-15123,186196,191757
267,4,Failure of bypass penstock side isolating valve in,Failure of bypass penstock side isolating valve in,tag 267,triangular,-8913,123272,164363
268,4,Failure of bypass penstock side isolating valve in,Failure of bypass penstock side isolating valve in,tag 268,triangular,-8913,175320,219150
269,4,Failure of hydraulic system leading to inability t,Failure of hydraulic system leading to inability t,tag 269,triangular,-8913,30818,41091
270,4,Failure of maintenance seal requiring unscheduled ,Failure of maintenance seal requiring unscheduled ,tag 270,triangular,-8913,47255,63006
271,4,Failure of service seal causing poor seal with una,Failure of service seal causing poor seal with una,tag 271,triangular,-8913,36982,49309
272,4,Failure of instrumentation resulting in unplanned ,Failure of instrumentation resulting in unplanned ,tag 272,triangular,-4896,14177,18902
273,4,Failure of servo motors (seals  valves) leading to,Failure of servo motors (seals  valves) leading to,tag 273,triangular,-5261,14177,18902
274,4,Seizure of trunnions resulting in valve not being ,Seizure of trunnions resulting in valve not being ,tag 274,triangular,-8913,47255,63006
275,4,Failure of seals leading to excessive leakage and ,Failure of seals leading to excessive leakage and ,tag 275,triangular,-4896,14177,18902
276,4,Failure of instrumentation resulting in unplanned ,Failure of instrumentation resulting in unplanned ,tag 276,triangular,-8913,8219,10958
277,4,Failure of rotork vales resulting in inability to ,Failure of rotork vales resulting in inability to ,tag 277,triangular,-2339,9862,13149
278,4,Failure of fans requiring replacement,Failure of fans requiring replacement,tag 278,triangular,-15123,6164,8219
279,4,Complete de-lamination of white metal leading to f,Complete de-lamination of white metal leading to f,tag 279,triangular,-1608,90400,120533
280,4,Failure of instrumentation resulting in unplanned ,Failure of instrumentation resulting in unplanned ,tag 280,triangular,-8913,15820,21094
281,4,Failure of mechanism or coating requiring speciali,Failure of mechanism or coating requiring speciali,tag 281,triangular,-15123,18697,24929
282,4,Failure of obsolete relay leading to requirement f,Failure of obsolete relay leading to requirement f,tag 282,triangular,-5991,10273,13697
283,4,Failure of relay to adequately protect Pony Motor ,Failure of relay to adequately protect Pony Motor ,tag 283,triangular,-5991,58760,78347
284,4,Rotor winding insulation failure leading to unsche,Rotor winding insulation failure leading to unsche,tag 284,triangular,-15123,96563,128751
285,4,Failure of brushgear that could result in a flasho,Failure of brushgear that could result in a flasho,tag 285,triangular,-15123,96563,128751
286,4,Failure of frame through cracking leading to loss ,Failure of frame through cracking leading to loss ,tag 286,triangular,-15123,234217,312289
287,4,Failure of the core/lamination stacks leading to o,Failure of the core/lamination stacks leading to o,tag 287,triangular,-15123,234217,312289
288,4,Failure of the core/lamination stacks leading to o,Failure of the core/lamination stacks leading to o,tag 288,triangular,-15123,234217,312289
289,4,Failure of the core/lamination stacks leading to i,Failure of the core/lamination stacks leading to i,tag 289,triangular,-15123,234217,312289
290,4,Failure of windings resulting in a repairable phas,Failure of windings resulting in a repairable phas,tag 290,triangular,-15123,234217,312289
291,4,Failure of windings resulting in a failure of core,Failure of windings resulting in a failure of core,tag 291,triangular,-15123,234217,312289
292,4,Failure of all temperature sensors leading to incr,Failure of all temperature sensors leading to incr,tag 292,triangular,-8913,6164,8219
293,4,Failure of remaining RTDs that are presently funct,Failure of remaining RTDs that are presently funct,tag 293,triangular,-15123,23011,30681
294,4,Failure of Compressor resulting in increased start,Failure of Compressor resulting in increased start,tag 294,triangular,-7087,147927,197235
295,4,The stabilising air is not critical to the working,The stabilising air is not critical to the working,tag 295,triangular,-7087,8219,10958
296,4,Failure of Compressor resulting in increased start,Failure of Compressor resulting in increased start,tag 296,triangular,-15123,63691,84921
297,4,The stabilising air is not critical to the working,The stabilising air is not critical to the working,tag 297,triangular,-7087,8219,10958
298,4,Failure of any cables/terminations could result in,Failure of any cables/terminations could result in,tag 298,triangular,-15123,39858,53144
299,4,Failure of switchgear resulting in unavailability ,Failure of switchgear resulting in unavailability ,tag 299,triangular,-15123,18491,24655
300,4,Failure of fused isolator can result in auxiliary ,Failure of fused isolator can result in auxiliary ,tag 300,triangular,-15123,39858,53144
301,4,Failure of protection relays could result in suppl,Failure of protection relays could result in suppl,tag 301,triangular,-15123,11095,14793
302,4,Failure of switchgear resulting in system failure ,Failure of switchgear resulting in system failure ,tag 302,triangular,-15123,11095,14793
303,4,Failure of breakers could result in supply & redun,Failure of breakers could result in supply & redun,tag 303,triangular,-15123,11095,14793
304,4,Failure of protection relays could result in suppl,Failure of protection relays could result in suppl,tag 304,triangular,-15123,11095,14793
305,4,Failure of switchgear resulting in unavailability ,Failure of switchgear resulting in unavailability ,tag 305,triangular,-15123,18491,24655
306,4,Failure of obsolete relay leading to requirement f,Failure of obsolete relay leading to requirement f,tag 306,triangular,-15123,11095,14793
307,4,Failure of obsolete relays incorporated in the con,Failure of obsolete relays incorporated in the con,tag 307,triangular,-15123,11095,14793
308,4,Failure of transformer requiring replacement,Failure of transformer requiring replacement,tag 308,triangular,-3435,82182,109575
309,4,Failure of relay to adequately protect transformer,Failure of relay to adequately protect transformer,tag 309,triangular,-5991,58760,78347
310,4,Failure of obsolete relay leading to requirement f,Failure of obsolete relay leading to requirement f,tag 310,triangular,-5991,58760,78347
311,4,Failure of transformer requiring replacement,Failure of transformer requiring replacement,tag 311,triangular,-15123,63691,84921
312,4,Failure of cooling water piping leading to bearing,Failure of cooling water piping leading to bearing,tag 312,triangular,-15123,63691,84921
313,4,Cracking of welds or draft tube sections requiring,Cracking of welds or draft tube sections requiring,tag 313,triangular,-15123,63691,84921
314,4,Pick up of guide vanes leading to top and/or botto,Pick up of guide vanes leading to top and/or botto,tag 314,triangular,-15123,63691,84921
315,4,Failure of bushes resulting in high vibration requ,Failure of bushes resulting in high vibration requ,tag 315,triangular,-5261,10273,13697
316,4,Failure of white metal surface requiring unschedul,Failure of white metal surface requiring unschedul,tag 316,triangular,-1608,90400,120533
317,4,Cavitation damage resulting in unscheduled/extende,Cavitation damage resulting in unscheduled/extende,tag 317,triangular,-15123,63691,84921
318,4,Pitting and/or cavitation of runner resulting inir,Pitting and/or cavitation of runner resulting inir,tag 318,triangular,-15123,63691,84921
319,4,Failure of cooling water piping requiring unschedu,Failure of cooling water piping requiring unschedu,tag 319,triangular,-15123,18491,24655
320,4,Failure of cooling water during pump start or SCO ,Failure of cooling water during pump start or SCO ,tag 320,triangular,-15123,18491,24655
321,4,Cracking of welds or spiral sections requiring out,Cracking of welds or spiral sections requiring out,tag 321,triangular,-15123,18491,24655
322,4,Corrosion damage leading to unscheduled/extended s,Corrosion damage leading to unscheduled/extended s,tag 322,triangular,-15123,18491,24655
323,4,Cracking of welds or stay vanes requiring unschedu,Cracking of welds or stay vanes requiring unschedu,tag 323,triangular,-15123,246544,328725
324,4,Catastrophic shaft failure,Catastrophic shaft failure,tag 324,triangular,-15123,821813,1095750
325,4,Failure or blockage of heat exchanger tubing requi,Failure or blockage of heat exchanger tubing requi,tag 325,triangular,-4165,34928,46570
326,4,Failure of drive systems on gates in closed positi,Failure of drive systems on gates in closed positi,tag 326,triangular,-15123,102727,136969
327,4,HP Oil pump failure resulting in thrust bearing pa,HP Oil pump failure resulting in thrust bearing pa,tag 327,triangular,-15123,63691,84921
328,4,Failure of the oil cooling pipework and/or heat ex,Failure of the oil cooling pipework and/or heat ex,tag 328,triangular,-2704,31229,41639
329,4,Failure of the oil cooling pipework and/or heat ex,Failure of the oil cooling pipework and/or heat ex,tag 329,triangular,-2339,20957,27942
330,4,Failure of all temperature instruments resulting i,Failure of all temperature instruments resulting i,tag 330,triangular,-15123,63691,84921
331,4,Failure of internal oil cooler pipework resulting ,Failure of internal oil cooler pipework resulting ,tag 331,triangular,-1608,20135,26846
332,4,Failure of vapour extraction system allowing oil m,Failure of vapour extraction system allowing oil m,tag 332,triangular,-5261,38215,50953
333,4,Failure of vapour extraction system allowing oil m,Failure of vapour extraction system allowing oil m,tag 333,triangular,-5261,14341,19121
334,4,Complete de-lamination of white metal leading to f,Complete de-lamination of white metal leading to f,tag 334,triangular,-15123,242435,323247
335,4,Failure of the sealing air system causing oil leak,Failure of the sealing air system causing oil leak,tag 335,triangular,-15123,63691,84921
336,4,Failure of the sealing air system causing oil leak,Failure of the sealing air system causing oil leak,tag 336,triangular,-15123,63691,84921
337,5,Failure of pumps during dewatering resulting in ex,Failure of pumps during dewatering resulting in ex,tag 337,triangular,-15123,32873,273938
338,5,Each Generator has its own equipment  pumping func,Each Generator has its own equipment  pumping func,tag 338,triangular,-7087,21902,35612
339,5,There is no plant SCADA only monitoring SCADA for ,There is no plant SCADA only monitoring SCADA for ,tag 339,triangular,-3435,30145,32873
340,5,Failure of obsolescent system control equipment eg,Failure of obsolescent system control equipment eg,tag 340,triangular,-7452,10958,16437
341,5,Unavailability of unit due to obsolescence of equi,Unavailability of unit due to obsolescence of equi,tag 341,triangular,-15123,0,2740
342,5,Unavailability of unit due to obsolescence of equi,Unavailability of unit due to obsolescence of equi,tag 342,triangular,-15123,0,10958
343,5,Failure of obsolete control card requiring a procu,Failure of obsolete control card requiring a procu,tag 343,triangular,-15123,2740,5479
344,5,Failure of obsolete breaker requiring a procuremen,Failure of obsolete breaker requiring a procuremen,tag 344,triangular,-15123,5479,16437
345,5,Failure of thyristors and fuses would require to b,Failure of thyristors and fuses would require to b,tag 345,triangular,-15123,5479,16437
346,5,Failure of relay to adequately protect Generator d,Failure of relay to adequately protect Generator d,tag 346,triangular,-5991,10369,13697
347,5,Failure of obsolete relay leading to requirement f,Failure of obsolete relay leading to requirement f,tag 347,triangular,-5991,10369,13697
348,5,Failure of relay to adequately protect Generator d,Failure of relay to adequately protect Generator d,tag 348,triangular,-5991,10369,13697
349,5,Failure of obsolete relay leading to requirement f,Failure of obsolete relay leading to requirement f,tag 349,triangular,-5991,10369,13697
350,5,Uncontrolled application of brake pads during oper,Uncontrolled application of brake pads during oper,tag 350,triangular,-15123,166104,219424
351,5,Failure of brakes and jacking limit switches resul,Failure of brakes and jacking limit switches resul,tag 351,triangular,-3069,52049,54788
352,5,Failure of heat exchanger tubing requiring removal,Failure of heat exchanger tubing requiring removal,tag 352,triangular,-3069,52049,54788
353,5,Failure of at least 2 fans requiring replacement,Failure of at least 2 fans requiring replacement,tag 353,triangular,-15123,6164,8219
354,5,Old and obsolete  needs to be replaced. Not all se,Old and obsolete  needs to be replaced. Not all se,tag 354,triangular,-15123,104141,120533
355,5,Failure of speed sensing device resulting in inabi,Failure of speed sensing device resulting in inabi,tag 355,triangular,-7452,159733,191757
356,5,Complete de-lamination of white metal leading to f,Complete de-lamination of white metal leading to f,tag 356,triangular,-1608,123272,164363
357,5,Failure of all temperature instruments resulting i,Failure of all temperature instruments resulting i,tag 357,triangular,-5261,13700,45212
358,5,Loosening of windings leading to rotor earth fault,Loosening of windings leading to rotor earth fault,tag 358,triangular,-12566,28490,43830
359,5,Failure of flexible pole connections resulting in ,Failure of flexible pole connections resulting in ,tag 359,triangular,-12566,28490,43830
360,5,Cracks developing in the rotor pole end plates and,Cracks developing in the rotor pole end plates and,tag 360,triangular,-15123,8761,16437
361,5,Failure of rim yoke resulting in pole movement and,Failure of rim yoke resulting in pole movement and,tag 361,triangular,-15123,20273,23011
362,5,Failure of rim yoke resulting in unscheduled outag,Failure of rim yoke resulting in unscheduled outag,tag 362,triangular,-15123,20273,23011
363,5,Failure of brushgear that could result in a flasho,Failure of brushgear that could result in a flasho,tag 363,triangular,-15123,52071,98618
364,5,Failure of frame through cracking leading to loss ,Failure of frame through cracking leading to loss ,tag 364,triangular,-15123,273938,273938
365,5,Failure of the core/lamination stacks leading to o,Failure of the core/lamination stacks leading to o,tag 365,triangular,-15123,11510,14245
366,5,Failure of the core/lamination stacks leading to o,Failure of the core/lamination stacks leading to o,tag 366,triangular,-15123,11510,14245
367,5,Failure of the core/lamination stacks leading to i,Failure of the core/lamination stacks leading to i,tag 367,triangular,-15123,11510,14245
368,5,Failure of remaining RTDs that are presently funct,Failure of remaining RTDs that are presently funct,tag 368,triangular,-15123,12054,13697
369,5,Failure of windings resulting in a repairable phas,Failure of windings resulting in a repairable phas,tag 369,triangular,-15123,12054,13697
370,5,Failure of windings resulting in a failure of core,Failure of windings resulting in a failure of core,tag 370,triangular,-15123,12054,13697
371,5,Failure of all temperature transmitters leading to,Failure of all temperature transmitters leading to,tag 371,triangular,-15123,10958,10958
372,5,Failure of remaining RTDs that are presently funct,Failure of remaining RTDs that are presently funct,tag 372,triangular,-15123,12054,13697
373,5,Increased vibration due to dislodging of thrust bl,Increased vibration due to dislodging of thrust bl,tag 373,triangular,-15123,273938,273938
374,5,Complete de-lamination of white metal leading to f,Complete de-lamination of white metal leading to f,tag 374,triangular,-1608,39447,54788
375,5,Failure of all temperature instruments resulting i,Failure of all temperature instruments resulting i,tag 375,triangular,-15123,21368,28490
376,5,Failure of hydraulic system leading to inability t,Failure of hydraulic system leading to inability t,tag 376,triangular,-15123,273938,273938
377,5,Failure of sliding and link arm bushes resulting i,Failure of sliding and link arm bushes resulting i,tag 377,triangular,-15123,273938,273938
378,5,Failure of servo motors (seals  valves) leading to,Failure of servo motors (seals  valves) leading to,tag 378,triangular,-15123,186196,191757
379,5,Failure of bypass penstock side isolating valve in,Failure of bypass penstock side isolating valve in,tag 379,triangular,-8913,123272,164363
380,5,Failure of bypass penstock side isolating valve in,Failure of bypass penstock side isolating valve in,tag 380,triangular,-8913,175320,219150
381,5,Failure of hydraulic system leading to inability t,Failure of hydraulic system leading to inability t,tag 381,triangular,-8913,30818,41091
382,5,Failure of maintenance seal requiring unscheduled ,Failure of maintenance seal requiring unscheduled ,tag 382,triangular,-8913,47255,63006
383,5,Failure of service seal causing poor seal with una,Failure of service seal causing poor seal with una,tag 383,triangular,-8913,36982,49309
384,5,Failure of instrumentation resulting in unplanned ,Failure of instrumentation resulting in unplanned ,tag 384,triangular,-4896,14177,18902
385,5,Failure of servo motors (seals  valves) leading to,Failure of servo motors (seals  valves) leading to,tag 385,triangular,-5261,14177,18902
386,5,Seizure of trunnions resulting in valve not being ,Seizure of trunnions resulting in valve not being ,tag 386,triangular,-8913,47255,63006
387,5,Failure of seals leading to excessive leakage and ,Failure of seals leading to excessive leakage and ,tag 387,triangular,-4896,14177,18902
388,5,Failure of instrumentation resulting in unplanned ,Failure of instrumentation resulting in unplanned ,tag 388,triangular,-8913,8219,10958
389,5,Failure of rotork vales resulting in inability to ,Failure of rotork vales resulting in inability to ,tag 389,triangular,-2339,9862,13149
390,5,Failure of fans requiring replacement,Failure of fans requiring replacement,tag 390,triangular,-15123,6164,8219
391,5,Complete de-lamination of white metal leading to f,Complete de-lamination of white metal leading to f,tag 391,triangular,-1608,90400,120533
392,5,Failure of instrumentation resulting in unplanned ,Failure of instrumentation resulting in unplanned ,tag 392,triangular,-8913,15820,21094
393,5,Failure of mechanism or coating requiring speciali,Failure of mechanism or coating requiring speciali,tag 393,triangular,-15123,18697,24929
394,5,Failure of obsolete relay leading to requirement f,Failure of obsolete relay leading to requirement f,tag 394,triangular,-5991,10273,13697
395,5,Failure of relay to adequately protect Pony Motor ,Failure of relay to adequately protect Pony Motor ,tag 395,triangular,-5991,58760,78347
396,5,Rotor winding insulation failure leading to unsche,Rotor winding insulation failure leading to unsche,tag 396,triangular,-15123,96563,128751
397,5,Failure of brushgear that could result in a flasho,Failure of brushgear that could result in a flasho,tag 397,triangular,-15123,96563,128751
398,5,Failure of frame through cracking leading to loss ,Failure of frame through cracking leading to loss ,tag 398,triangular,-15123,234217,312289
399,5,Failure of the core/lamination stacks leading to o,Failure of the core/lamination stacks leading to o,tag 399,triangular,-15123,234217,312289
400,5,Failure of the core/lamination stacks leading to o,Failure of the core/lamination stacks leading to o,tag 400,triangular,-15123,234217,312289
401,5,Failure of the core/lamination stacks leading to i,Failure of the core/lamination stacks leading to i,tag 401,triangular,-15123,234217,312289
402,5,Failure of windings resulting in a repairable phas,Failure of windings resulting in a repairable phas,tag 402,triangular,-15123,234217,312289
403,5,Failure of windings resulting in a failure of core,Failure of windings resulting in a failure of core,tag 403,triangular,-15123,234217,312289
404,5,Failure of all temperature sensors leading to incr,Failure of all temperature sensors leading to incr,tag 404,triangular,-8913,6164,8219
405,5,Failure of remaining RTDs that are presently funct,Failure of remaining RTDs that are presently funct,tag 405,triangular,-15123,23011,30681
406,5,Failure of Compressor resulting in increased start,Failure of Compressor resulting in increased start,tag 406,triangular,-7087,147927,197235
407,5,The stabilising air is not critical to the working,The stabilising air is not critical to the working,tag 407,triangular,-7087,8219,10958
408,5,Failure of Compressor resulting in increased start,Failure of Compressor resulting in increased start,tag 408,triangular,-15123,63691,84921
409,5,The stabilising air is not critical to the working,The stabilising air is not critical to the working,tag 409,triangular,-7087,8219,10958
410,5,Failure of any cables/terminations could result in,Failure of any cables/terminations could result in,tag 410,triangular,-15123,39858,53144
411,5,Failure of switchgear resulting in unavailability ,Failure of switchgear resulting in unavailability ,tag 411,triangular,-15123,18491,24655
412,5,Failure of fused isolator can result in auxiliary ,Failure of fused isolator can result in auxiliary ,tag 412,triangular,-15123,39858,53144
413,5,Failure of protection relays could result in suppl,Failure of protection relays could result in suppl,tag 413,triangular,-15123,11095,14793
414,5,Failure of switchgear resulting in system failure ,Failure of switchgear resulting in system failure ,tag 414,triangular,-15123,11095,14793
415,5,Failure of breakers could result in supply & redun,Failure of breakers could result in supply & redun,tag 415,triangular,-15123,11095,14793
416,5,Failure of protection relays could result in suppl,Failure of protection relays could result in suppl,tag 416,triangular,-15123,11095,14793
417,5,Failure of switchgear resulting in unavailability ,Failure of switchgear resulting in unavailability ,tag 417,triangular,-15123,18491,24655
418,5,Failure of obsolete relay leading to requirement f,Failure of obsolete relay leading to requirement f,tag 418,triangular,-15123,11095,14793
419,5,Failure of obsolete relays incorporated in the con,Failure of obsolete relays incorporated in the con,tag 419,triangular,-15123,11095,14793
420,5,Failure of transformer requiring replacement,Failure of transformer requiring replacement,tag 420,triangular,-3435,82182,109575
421,5,Failure of relay to adequately protect transformer,Failure of relay to adequately protect transformer,tag 421,triangular,-5991,58760,78347
422,5,Failure of obsolete relay leading to requirement f,Failure of obsolete relay leading to requirement f,tag 422,triangular,-5991,58760,78347
423,5,Failure of transformer requiring replacement,Failure of transformer requiring replacement,tag 423,triangular,-15123,63691,84921
424,5,Failure of cooling water piping leading to bearing,Failure of cooling water piping leading to bearing,tag 424,triangular,-15123,63691,84921
425,5,Cracking of welds or draft tube sections requiring,Cracking of welds or draft tube sections requiring,tag 425,triangular,-15123,63691,84921
426,5,Pick up of guide vanes leading to top and/or botto,Pick up of guide vanes leading to top and/or botto,tag 426,triangular,-15123,63691,84921
427,5,Failure of bushes resulting in high vibration requ,Failure of bushes resulting in high vibration requ,tag 427,triangular,-5261,10273,13697
428,5,Failure of white metal surface requiring unschedul,Failure of white metal surface requiring unschedul,tag 428,triangular,-1608,90400,120533
429,5,Cavitation damage resulting in unscheduled/extende,Cavitation damage resulting in unscheduled/extende,tag 429,triangular,-15123,63691,84921
430,5,Pitting and/or cavitation of runner resulting inir,Pitting and/or cavitation of runner resulting inir,tag 430,triangular,-15123,63691,84921
431,5,Failure of cooling water piping requiring unschedu,Failure of cooling water piping requiring unschedu,tag 431,triangular,-15123,18491,24655
432,5,Failure of cooling water during pump start or SCO ,Failure of cooling water during pump start or SCO ,tag 432,triangular,-15123,18491,24655
433,5,Cracking of welds or spiral sections requiring out,Cracking of welds or spiral sections requiring out,tag 433,triangular,-15123,18491,24655
434,5,Corrosion damage leading to unscheduled/extended s,Corrosion damage leading to unscheduled/extended s,tag 434,triangular,-15123,18491,24655
435,5,Cracking of welds or stay vanes requiring unschedu,Cracking of welds or stay vanes requiring unschedu,tag 435,triangular,-15123,246544,328725
436,5,Catastrophic shaft failure,Catastrophic shaft failure,tag 436,triangular,-15123,821813,1095750
437,5,Failure or blockage of heat exchanger tubing requi,Failure or blockage of heat exchanger tubing requi,tag 437,triangular,-4165,34928,46570
438,5,Failure of drive systems on gates in closed positi,Failure of drive systems on gates in closed positi,tag 438,triangular,-15123,102727,136969
439,5,HP Oil pump failure resulting in thrust bearing pa,HP Oil pump failure resulting in thrust bearing pa,tag 439,triangular,-15123,63691,84921
440,5,Failure of the oil cooling pipework and/or heat ex,Failure of the oil cooling pipework and/or heat ex,tag 440,triangular,-2704,31229,41639
441,5,Failure of the oil cooling pipework and/or heat ex,Failure of the oil cooling pipework and/or heat ex,tag 441,triangular,-2339,20957,27942
442,5,Failure of all temperature instruments resulting i,Failure of all temperature instruments resulting i,tag 442,triangular,-15123,63691,84921
443,5,Failure of internal oil cooler pipework resulting ,Failure of internal oil cooler pipework resulting ,tag 443,triangular,-1608,20135,26846
444,5,Failure of vapour extraction system allowing oil m,Failure of vapour extraction system allowing oil m,tag 444,triangular,-5261,38215,50953
445,5,Failure of vapour extraction system allowing oil m,Failure of vapour extraction system allowing oil m,tag 445,triangular,-5261,14341,19121
446,5,Complete de-lamination of white metal leading to f,Complete de-lamination of white metal leading to f,tag 446,triangular,-15123,242435,323247
447,5,Failure of the sealing air system causing oil leak,Failure of the sealing air system causing oil leak,tag 447,triangular,-15123,63691,84921
448,5,Failure of the sealing air system causing oil leak,Failure of the sealing air system causing oil leak,tag 448,triangular,-15123,63691,84921
449,1,Failure of at least 3 pumps resulting in inability,Failure of at least 3 pumps resulting in inability,tag 449,triangular,-15123,96563,128751
450,1,Failure of both pumps resulting in inability to ke,Failure of both pumps resulting in inability to ke,tag 450,triangular,-4165,119163,158884
451,1,Failure of both strainers resulting in plant shutd,Failure of both strainers resulting in plant shutd,tag 451,triangular,-15123,96563,128751
452,1,Failure of single common valve  or multiple parall,Failure of single common valve  or multiple parall,tag 452,triangular,-15123,29175,38900
453,1,Failure of standby generator during standby requir,Failure of standby generator during standby requir,tag 453,triangular,-15123,18656,24874
454,1,Inability of staff to operate the plant safely due,Inability of staff to operate the plant safely due,tag 454,triangular,-15123,11917,15889
455,1,The instrumentation on the system is fairly new an,The instrumentation on the system is fairly new an,tag 455,triangular,-15123,6164,8219
456,1,The instrumentation on the system is fairly new an,The instrumentation on the system is fairly new an,tag 456,triangular,-15123,6164,8219
457,1,Board is very full  loose connections due to age c,Board is very full  loose connections due to age c,tag 457,triangular,-15123,11095,14793
458,1,The valves on the cooling water pipework is in goo,The valves on the cooling water pipework is in goo,tag 458,triangular,-5261,14382,19176
459,1,Failure of obsolescent joint controller resulting ,Failure of obsolescent joint controller resulting ,tag 459,triangular,-7452,11711,15615
460,1,Failure of drive systems on emergency gates,Failure of drive systems on emergency gates,tag 460,triangular,-15123,63691,84921
461,1,Failure of drive systems on gates in closed positi,Failure of drive systems on gates in closed positi,tag 461,triangular,-15123,96563,128751
462,1,Failure of gate control or communication system du,Failure of gate control or communication system du,tag 462,triangular,-15123,8219,10958
463,1,Dislodgement of screen panels due to lack of catho,Dislodgement of screen panels due to lack of catho,tag 463,triangular,-15123,96563,128751
464,1,Dislodgement of screen panels resulting in station,Dislodgement of screen panels resulting in station,tag 464,triangular,-15123,96563,128751
465,1,Failure of gate control or communication system du,Failure of gate control or communication system du,tag 465,triangular,-15123,63691,84921
466,1,Failure of transformer requiring replacement,Failure of transformer requiring replacement,tag 466,triangular,-15123,11095,14793
467,1,Failure of both transformer requiring replacement,Failure of both transformer requiring replacement,tag 467,triangular,-15123,11095,14793
468,1,Failure of transformer would cause backup supply t,Failure of transformer would cause backup supply t,tag 468,triangular,-8913,15861,21148
469,1,Failure of transformer would interrupt the power s,Failure of transformer would interrupt the power s,tag 469,triangular,-15123,18491,24655
470,1,Failure of transformer requiring replacement,Failure of transformer requiring replacement,tag 470,triangular,-15123,11095,14793
471,1,Failure of both transformer simultaneously requiri,Failure of both transformer simultaneously requiri,tag 471,triangular,-15123,11095,14793
472,1,Failure of DC system will remove all 24 VDC instru,Failure of DC system will remove all 24 VDC instru,tag 472,triangular,-3435,2055,2740
473,1,Failure of DC system will remove all 50 VDC instru,Failure of DC system will remove all 50 VDC instru,tag 473,triangular,-1974,12739,16985
474,1,Failure of DC system will remove all 50 VDC instru,Failure of DC system will remove all 50 VDC instru,tag 474,triangular,-7087,2877,3836
475,1,Failure of DC system will remove all 110 VDC instr,Failure of DC system will remove all 110 VDC instr,tag 475,triangular,-1608,10273,13697
476,1,Failure of D&D control system leading to incorrect,Failure of D&D control system leading to incorrect,tag 476,triangular,-15123,96563,128751
477,1,Failure of pumps during flood situation resulting ,Failure of pumps during flood situation resulting ,tag 477,triangular,-15123,32873,273938
478,1,Failure of float switches  resulting in partial fl,Failure of float switches  resulting in partial fl,tag 478,triangular,-15123,96563,128751
479,1,Breakdown of diesel engine due to carbonisation on,Breakdown of diesel engine due to carbonisation on,tag 479,triangular,-15123,616360,821813
480,1,Failure of multiple compressors resulting in reduc,Failure of multiple compressors resulting in reduc,tag 480,triangular,-7087,147927,197235
481,1,Failure of one compressor and interconnection valv,Failure of one compressor and interconnection valv,tag 481,triangular,-7087,147927,197235
482,1,Failure of instrumentation resulting in reduced ab,Failure of instrumentation resulting in reduced ab,tag 482,triangular,-5261,131490,175320
483,1,Failure of components resulting in reduced ability,Failure of components resulting in reduced ability,tag 483,triangular,-15123,234217,312289
484,1,Failure of anchor block resulting in penstock deformation forcing station out of operation,Failure of anchor block resulting in penstock deformation forcing station out of operation,tag 484,triangular,-15123,16948,18773
485,1,Failure of turbine foundation due to ASR re-starting as a result of leakage in the draft tube or penstock sections leading to extended outage to repair.,Failure of turbine foundation due to ASR re-starting as a result of leakage in the draft tube or penstock sections leading to extended outage to repair.,tag 485,triangular,-15123,821813,1095750
486,1,Increased leakage rate restulting in repair and modification of chamber,Increased leakage rate restulting in repair and modification of chamber,tag 486,triangular,-15123,5475,9125
487,2,Failure of obsolete governoer unloader valve resulting in the unavailability of the unit,,tag 487,triangular,-15123,730,1095
488,3,Failure of obsolete governoer unloader valve resulting in the unavailability of the unit,,tag 488,triangular,-15123,730,1095
489,4,Failure of obsolete governoer unloader valve resulting in the unavailability of the unit,,tag 489,triangular,-15123,730,1095
490,5,Failure of obsolete governoer unloader valve resulting in the unavailability of the unit,,tag 490,triangular,-15123,730,1095
